Nr,part,question,H1,H2,H3,LLM,class,feedback
3,afterTasks,Description,True,True,True,False,FN,"While the text describes what each chapter contains, the language is unpolished and contains grammatical errors (e.g., 'tiek saktā', 'kas vispār ir'). The descriptions are somewhat vague. Suggestion: Use more academic terminology and ensure grammatical correctness. Instead of 'kas vispār ir', use 'konceptuālais pamats' or 'definīcijas'."
4,afterTasks,Description,False,False,False,True,FP,"The text provides a very detailed description of the research steps and experimental tasks, which is a strength. However, it describes 'what will be done' (tasks) rather than 'what the chapters contain'. To improve, focus on describing the content of the theoretical and analytical parts of the thesis, not just the experimental steps."
7,goal,Purpose,True,True,True,False,FN,"The goal is relatively clear, but the phrase 'izpētīt potenciālus paņēmienus' (to explore potential methods) is somewhat vague and difficult to measure. To improve, specify what 'exploring' entails—for example, by comparing existing algorithmic approaches or evaluating specific constraints."
10,beforeGoal,State_of_the_art,False,False,False,True,FP,"The text mentions existing tools (ujson, orjson, simplejson) and cites a specific source, which shows awareness of the current landscape. However, it lacks a deeper discussion of recent comparative studies or benchmarks that would demonstrate a more profound understanding of the current state of research in Python JSON processing."
11,tasks,Clarity,False,False,False,True,FP,"The language is precise and professional; however, some tasks are quite long and contain multiple clauses. Shortening these into more direct statements would improve readability."
12,goal,Congruence,False,False,False,True,FP,"The goal is highly congruent with the preceding text. The introduction establishes the importance of RAG, the necessity of segmentation and embeddings, and the specific context of language models, all of which are directly addressed in the goal."
13,beforeGoal,Gap,True,True,True,False,FN,"The text hints at a gap by mentioning the challenge of performance comparison, but it does not explicitly state that a specific type of comparison is missing or insufficient in current literature. You need to clearly articulate that while models exist, a systematic comparison for 'multimodal content description' (as per your topic) is lacking or needs further investigation."
13,goal,Congruence,True,True,True,False,FN,"The goal aligns well with the preceding text, specifically addressing the 'challenge of performance comparison' mentioned in the introduction. However, the introduction mentions 'tables and diagrams' as part of the input, while the goal introduces 'flowcharts' (blokshēmas) for the first time. To improve, ensure all specific types of content mentioned in the goal (like flowcharts) are at least alluded to in the preceding text to maintain perfect logical flow."
15,beforeGoal,State_of_the_art,False,False,False,True,FP,"The text mentions the growing use of AI in education and cites a specific 2024 survey (Korhonen, 2024) to demonstrate current trends. However, it lacks a deeper discussion of specific existing LLM capabilities or previous academic evaluations of LLMs in mathematical reasoning. To improve, include a brief mention of how current models (like GPT-4 or specialized math models) have been previously tested or where their known limitations lie."
15,beforeGoal,References,False,False,False,True,FP,"The text uses appropriate citations (e.g., Korhonen, 2024) to support statistical claims regarding AI usage. To improve, ensure that any specific claims regarding the 'capabilities' of LLMs or the 'limitations of the traditional system' are also backed by academic literature, not just statistical surveys."
17,tasks,Completeness,False,False,False,True,FP,"The tasks cover the research process from theoretical analysis to practical implementation and conclusions. However, to ensure full completeness, ensure that the 'evaluation' phase explicitly mentions comparing results against established benchmarks or previous findings to validate the efficiency assessment."
18,goal,Congruence,True,True,True,False,FN,"There is a slight logical gap. The preceding text emphasizes the need for 'analīzi' (analysis) and overcoming the lack of tools for 'konceptu kartes analīzei'. However, the goal shifts the focus specifically to 'atbildēt uz lietotāja jautājumiem' (answering user questions). While related, the goal should more explicitly bridge the gap between 'analysis' mentioned in the problem statement and 'answering questions' mentioned in the goal."
19,goal,Structure,False,False,False,True,FP,"The goal is presented as a single, complex sentence. While it is one sentence, it is quite long and contains multiple clauses. However, it does directly communicate the primary objective."
19,tasks,Clarity,False,False,False,True,FP,"The language is precise and the sentences are straightforward, making the objectives easy to understand."
25,tasks,Format,True,True,True,False,FN,"The numbered tasks are single sentences, but the concluding paragraph is a long, complex sentence that contains additional information about problems. Consider splitting the final paragraph into separate, concise tasks or moving the problem description to the 'Problem Statement' section."
25,tasks,Clarity,True,True,True,False,FN,"The numbered tasks are clear and precise. However, the final paragraph is overly dense and contains multiple complex ideas (distortion and data scarcity). It should be simplified to maintain the clarity found in the list."
26,goal,Congruence,True,True,True,False,FN,"There is a slight logical gap. The preceding text emphasizes the motivation to understand how to 'hide and detect' information and the 'properties' of the PE format, but the goal introduces 'comparing tools' and 'making the process more effective' without prior mention of tool availability or efficiency optimization in the introduction. Suggestion: Briefly mention in the introduction that the need for effective tools and efficient methods exists to bridge this gap."
26,tasks,Structure,True,True,True,False,FN,"The text is mostly consistent, but task 6 uses the imperative 'Sniedziet' (Provide) instead of the infinitive 'Sniegt'. Change 'Sniedziet' to 'Sniegt' to maintain grammatical consistency with the other tasks."
29,beforeGoal,Problem,False,False,False,True,FP,The problem is clearly identified: the need for fast and accurate automated waste classification to replace slow and error-prone manual processes. The connection between the global waste crisis and the technical requirement for AI is well-established.
29,beforeGoal,References,True,True,True,False,FN,"References are present, but the formatting is inconsistent and unprofessional for a thesis. You use 'worldbank, 2018' (lowercase) and full DOI strings/journal identifiers like '(10.3390/mi14112047, 2023)' within the text. You should use a standard academic citation style (e.g., APA or IEEE) where only the author and year are visible in the text, and full details are moved to the reference list."
30,tasks,Structure,True,True,True,False,FN,"The tasks do not consistently use infinitive verbs at the start. For example, task 1 starts with 'iepazīties' (to get acquainted), but task 2 starts with 'izpētīt' (to explore). While these are infinitives in Latvian, the list lacks a uniform grammatical structure across all points (e.g., some tasks are more descriptive than others). However, the primary issue is that the verbs are used as part of a continuous flow rather than a strictly uniform list of infinitive-led actions."
31,afterTasks,Description,True,True,True,False,FN,"While the text mentions what each chapter contains, the descriptions are very brief and contain grammatical errors (e.g., a question mark after 'pielietojums'). To improve, use full, professional sentences and ensure each chapter description clearly outlines the scope of the research presented."
33,beforeGoal,Problem,False,False,False,True,FP,"The problem is identifiable: the need to prevent downtime and service interruptions during updates. However, the problem statement is somewhat broad (general internet downtime). To improve, narrow the focus specifically to the challenges of implementing these strategies within a DevOps pipeline."
33,beforeGoal,References,False,False,False,True,FP,"The text uses numerical citations (1) and (2), which is good practice. However, the bibliography/reference list is not provided here to verify them. Ensure that every claim, especially the specific statistics about internet users and bounce rates, is backed by a verifiable and high-quality source."
33,afterTasks,Description,True,True,True,False,FN,"While each chapter is mentioned, the descriptions are somewhat vague, especially for chapters 1 and 3. To improve, try to link the content more specifically to the thesis topic (e.g., instead of just 'tools and methodologies', mention how they relate to preventing downtime)."
34,tasks,Relevance,True,True,True,False,FN,"The tasks follow a logical progression toward the goal. However, to fully meet the goal of 'optimizing user experience', a final task should be added to validate whether the proposed UI/UX solutions effectively address the previously identified problems."
35,beforeGoal,References,False,False,False,True,FP,"The text includes a specific citation (Orozco, 2024) to support the claim regarding the increasing demand for offline solutions, which is a strong point. However, more references would be needed in the 'State-of-the-art' section to support technical claims."
35,tasks,Format,True,True,True,False,FN,"The last task is split into two separate sentences/statements within the same list item. To comply, merge the recommendation part into a single sentence or separate it into its own numbered item."
36,beforeGoal,State_of_the_art,False,False,False,True,FP,The text demonstrates good awareness of the field by citing specific studies (2015 and 2016) and providing concrete metrics (latency reduction from 900ms to 169ms). This provides a solid foundation for the research context.
36,beforeGoal,References,False,False,False,True,FP,"References are included to support key claims and technical data. However, ensure that the citations follow a consistent academic style (e.g., APA or IEEE) and that the full bibliographic details are available in the reference list. The current format is more descriptive than a formal citation style."
37,beforeGoal,Problem,False,False,False,True,FP,"The problem is identified as the difficulty of balancing technical performance (complexity, scalability) with the depth of personalization. However, the 'user experience' aspect of the problem is mentioned as a requirement but not fully articulated as a technical conflict/challenge. Clarify how high adaptability negatively impacts user experience (e.g., latency or cognitive load)."
40,goal,Purpose,True,True,True,False,FN,"The goal is relatively clear, but 'palīdzēs samazināt' (will help reduce) is somewhat vague and difficult to measure scientifically. To improve, specify what exactly the software does (e.g., 'identifies hazards' or 'provides alerts') to make the achievement measurable."
40,goal,Intention,True,True,True,False,FN,"The goal focuses on the outcome (reducing accident probability), but it also explicitly mentions the method/tool (creating software). To strictly focus on the objective, you could rephrase it to focus on the functional capability of the system rather than the act of creating software."
42,goal,Intention,True,True,True,False,FN,"The text partially violates this criterion because it describes the method/process (comparing traditional methods and LLM) rather than focusing solely on the outcome. To improve, focus more on the 'what' (the evaluation of capabilities) rather than the 'how' (the comparison process)."
42,afterTasks,Description,True,True,True,False,FN,"While the text describes the sections, the descriptions are inconsistent in depth. For example, the first section is well-detailed, but the third section is very brief. To improve, ensure each section description contains a similar level of detail regarding the specific methodology or focus used within that chapter."
44,goal,Congruence,True,True,True,False,FN,"The goal aligns well with the problem of fragmented management due to different protocols (Modbus, Zigbee, etc.) mentioned in the introduction. However, the goal introduces the concept of 'integration', which is implied but not explicitly detailed as a specific problem/gap in the preceding text. To improve, briefly mention the difficulty of integrating diverse protocols in the introduction."
48,afterTasks,Description,True,True,True,False,FN,"While the text mentions what each part contains, the descriptions are very brief and lack depth. To improve, specify what aspects of the 'theoretical summary' are covered and what specific metrics or parameters were used in the 'experiment' to make the description more informative."
52,tasks,Clarity,False,False,False,True,FP,"The language is generally clear, but the sentences are somewhat wordy and contain unnecessary filler phrases (e.g., 'manuprāt ir būtiski'). To improve, use more concise and direct language to describe the technical actions."
55,beforeGoal,Gap,True,True,True,False,FN,"The text identifies a practical gap (the inadequacy of static signs and 2D maps in complex environments), but it does not identify a scientific or technical research gap. To improve, you need to move beyond 'it is hard to find shops' and explain what is missing in current technological solutions or why current digital solutions fail in indoor environments."
55,tasks,Completeness,True,True,True,False,FN,"The tasks cover research, implementation, and usability testing. However, to fully meet the completeness criteria, the validation step should explicitly involve comparing the developed solution's performance or effectiveness against the existing solutions or methods analyzed in the first tasks."
57,tasks,Clarity,False,False,False,True,FP,"The language is generally clear, but the tasks are currently bundled together. Breaking them into distinct, short sentences will improve precision."
59,beforeGoal,References,True,True,True,False,FN,"References are present (e.g., Disruptor, 2024; Latvian statistics), which is good. However, there are some formatting issues, such as a missing space in 'atvieglotdarbu' and 'notiek7894', and the use of a placeholder '{...}'. Ensure all statistical claims are consistently cited and that the bibliography follows a unified academic style."
62,goal,Congruence,True,True,True,False,FN,"The goal aligns well with the preceding text regarding the need to test plans without risking lives. However, the 'limited area' (ierobešotā zonā) mentioned in the goal is a new element not introduced in the introduction. Suggest adding a sentence in the introduction about the necessity of testing specific, confined spaces to ensure full logical flow."
62,afterTasks,Structure,False,False,False,True,FP,"The general structure is easy to follow; however, the transition from the theoretical overview to the practical application is abrupt. Strengthening the link between the literature review and the specific case study (Xiaomi arena) would make the structural logic even clearer."
63,tasks,Relevance,True,True,True,False,FN,"The tasks follow a logical progression toward the goal of developing software. However, to fully satisfy the relevance criteria, the final stage should move beyond simple 'testing' to include a comparison or a demonstration of how the solution addresses the identified gaps in existing methods."
63,afterTasks,Description,False,False,False,True,FP,"The text provides a very good and detailed description of the content and objectives within each identified stage. Each point clearly outlines what will be investigated, developed, or tested."
